{
    "wer": 0.9828728437423706,
    "rouge1_fmeasure": 11.275424003601074,
    "rouge1_precision": 14.645523071289062,
    "rouge1_recall": 10.011821746826172,
    "rouge2_fmeasure": 1.8529314994812012,
    "rouge2_precision": 2.1675796508789062,
    "rouge2_recall": 1.9414209127426147,
    "rougeL_fmeasure": 10.121207237243652,
    "rougeL_precision": 12.998597145080566,
    "rougeL_recall": 9.090019226074219,
    "rougeLsum_fmeasure": 10.121207237243652,
    "rougeLsum_precision": 12.998597145080566,
    "rougeLsum_recall": 9.090019226074219,
    "bleu-1": 0.07335950434207916,
    "bleu-2": 0.02750483527779579,
    "bleu-3": 0.014136606827378273,
    "bleu-4": 0.006758807692676783
}