{
    "wer": 1.0079292058944702,
    "rouge1_fmeasure": 13.314306259155273,
    "rouge1_precision": 16.146778106689453,
    "rouge1_recall": 12.463359832763672,
    "rouge2_fmeasure": 1.8128869533538818,
    "rouge2_precision": 2.0882606506347656,
    "rouge2_recall": 1.935438632965088,
    "rougeL_fmeasure": 11.259350776672363,
    "rougeL_precision": 13.509559631347656,
    "rougeL_recall": 10.66869068145752,
    "rougeLsum_fmeasure": 11.259350776672363,
    "rougeLsum_precision": 13.509559631347656,
    "rougeLsum_recall": 10.66869068145752,
    "bleu-1": 0.10475368797779083,
    "bleu-2": 0.03552988916635513,
    "bleu-3": 0.015624703839421272,
    "bleu-4": 0.0072226813063025475
}