{
    "wer": 0.7744572758674622,
    "rouge1_fmeasure": 33.955810546875,
    "rouge1_precision": 34.78732681274414,
    "rouge1_recall": 33.247337341308594,
    "rouge2_fmeasure": 9.160820007324219,
    "rouge2_precision": 9.376951217651367,
    "rouge2_recall": 8.97116470336914,
    "rougeL_fmeasure": 30.726158142089844,
    "rougeL_precision": 31.45549964904785,
    "rougeL_recall": 30.107969284057617,
    "rougeLsum_fmeasure": 30.615007400512695,
    "rougeLsum_precision": 31.344953536987305,
    "rougeLsum_recall": 29.996973037719727,
    "bleu-1": 0.27990150451660156,
    "bleu-2": 0.14305183291435242,
    "bleu-3": 0.0692412480711937,
    "bleu-4": 0.028444020077586174
}